"sp_files","n_used","eezs_used","eezs_sovereigns_used"
"Ardenna bulleri_New Zealand.tif",27,"New Zealand_Hawaii_NA_Norfolk Island_United States_Johnston Atoll_Mexico_Tonga_Islas San Félix and San Ambrosio_Niue_Cook Islands_Australia_Pitcairn_Matthew and Hunter Islands_French Polynesia_Chile_American Samoa_Fiji_Alaska_Palmyra Atoll_Line Group_Phoenix Group_Tuvalu_Jarvis Island_Tokelau_Howland and Baker islands_Antarctica","New Zealand_United States_NA_Australia_United States_United States_Mexico_Tonga_Chile_New Zealand_New Zealand_Australia_United Kingdom_France_France_Chile_United States_Fiji_United States_United States_Kiribati_Kiribati_Tuvalu_United States_New Zealand_United States_Antarctica"
"Ardenna carneipes_Australia.tif",27,"China_South Korea_Liancourt Rocks_Japan_North Korea_South Korea_Kuril Islands_Australia_Senkaku Islands_Northern Mariana Islands_New Caledonia_Norfolk Island_Taiwan_NA_Russia_Guam_Philippines_Micronesia_Papua New Guinea_Papua New Guinea_Solomon Islands_Indonesia_Cocos Islands_Vanuatu_Palau_Marshall Islands_Nauru","China_South Korea_Japan_Japan_North Korea_South Korea_Japan_Australia_Taiwan_United States_France_Australia_Taiwan_NA_Russia_United States_Philippines_Micronesia_Papua New Guinea_Papua New Guinea_Solomon Islands_Indonesia_Australia_Vanuatu_Palau_Marshall Islands_Nauru"
"Ardenna carneipes_New Zealand.tif",41,"Japan_Kuril Islands_New Zealand_Norfolk Island_Matthew and Hunter Islands_NA_Hawaii_Wake Island_Northern Mariana Islands_Russia_Fiji_New Caledonia_French Polynesia_Tonga_Marshall Islands_Guam_Vanuatu_East Timor_Australia_Gilbert Islands_Tuvalu_Niue_Micronesia_Pitcairn_Johnston Atoll_Solomon Islands_Wallis and Futuna_Cook Islands_American Samoa_Easter Island_Papua New Guinea_Indonesia_Howland and Baker islands_Nauru_United States_Tokelau_Phoenix Group_Alaska_Jarvis Island_Antarctica_Line Group","Japan_Japan_New Zealand_Australia_France_NA_United States_United States_United States_Russia_Fiji_France_France_Tonga_Marshall Islands_United States_Vanuatu_East Timor_Australia_Kiribati_Tuvalu_New Zealand_Micronesia_United Kingdom_United States_Solomon Islands_France_New Zealand_United States_Chile_Papua New Guinea_Indonesia_United States_Nauru_United States_New Zealand_Kiribati_United States_United States_Antarctica_Kiribati"
"Ardenna creatopus_Chile.tif",17,"United States_Mexico_Costa Rica_Chile_Costa Rica_Peru_Panama_Peru_Colombia_Ecuador_Ecuador_Galapagos_Clipperton Island_Islas San Félix and San Ambrosio_Canada_Guatemala_NA","United States_Mexico_Costa Rica_Chile_Costa Rica_Peru_Panama_Peru_Colombia_Ecuador_Ecuador_Ecuador_France_Chile_Canada_Guatemala_NA"
"Ardenna gravis_UK.tif",63,"Uruguay_Uruguay_Tristan da Cunha_Argentina_Brazil_South Africa_Anguilla_Madeira_Bermuda_British Virgin Islands_Azores_Canary Islands_Antigua and Barbuda_NA_Collectivity of Saint Martin_Saba_Sint-Maarten_Saint-Barthélemy_Trindade_Guyana_Barbados_Guadeloupe_Sint-Eustatius_Namibia_Puerto Rico_United States Virgin Islands_Saint Kitts and Nevis_Trinidad and Tobago_Dominica_Martinique_Barbados_Suriname_French Guiana_Guyana_Western Sahara_United States_Montserrat_Canada_Saint Lucia_Saint Vincent and the Grenadines_Guinea-Bissau_Greenland_Grenada_Saint-Pierre and Miquelon_Senegal_Cape Verde_Venezuela_Ireland_Falkland / Malvinas Islands_Senegal_Guinea_Mauritania_Portugal_Gambia_Sierra Leone_Iceland_Morocco_Ascension_Spain_Chile_Bouvet_South Georgia and the South Sandwich Islands_Antarctica","Uruguay_Uruguay_United Kingdom_Argentina_Brazil_South Africa_United Kingdom_Portugal_United Kingdom_United Kingdom_Portugal_Spain_Antigua and Barbuda_NA_France_Netherlands_Netherlands_France_Brazil_Guyana_Barbados_France_Netherlands_Namibia_United States_United States_Saint Kitts and Nevis_Trinidad and Tobago_Dominica_France_Barbados_Suriname_France_Guyana_Western Sahara_United States_United Kingdom_Canada_Saint Lucia_Saint Vincent and the Grenadines_Guinea-Bissau_Denmark_Grenada_France_Senegal_Cape Verde_Venezuela_Ireland_United Kingdom_Senegal_Guinea_Mauritania_Portugal_Gambia_Sierra Leone_Iceland_Morocco_United Kingdom_Spain_Chile_Norway_United Kingdom_Antarctica"
"Ardenna grisea_New Zealand.tif",58,"Kuril Islands_Japan_Uruguay_United States_Uruguay_Hawaii_New Zealand_NA_Mexico_Argentina_Johnston Atoll_Alaska_Brazil_Russia_Easter Island_Norfolk Island_Tonga_Australia_Pitcairn_Niue_United States_French Polynesia_Fiji_Islas San Félix and San Ambrosio_Macquarie Island_Canada_Samoa_Wake Island_Chile_Matthew and Hunter Islands_Cook Islands_Peru_Northern Mariana Islands_American Samoa_Liancourt Rocks_Wallis and Futuna_Palmyra Atoll_Tokelau_Falkland / Malvinas Islands_South Korea_Line Group_Phoenix Group_New Caledonia_Howland and Baker islands_Jarvis Island_Marshall Islands_Palau_Guam_Micronesia_Vanuatu_Galapagos_Nauru_Solomon Islands_Clipperton Island_Antarctica_Tuvalu_Gilbert Islands_Papua New Guinea","Japan_Japan_Uruguay_United States_Uruguay_United States_New Zealand_NA_Mexico_Argentina_United States_United States_Brazil_Russia_Chile_Australia_Tonga_Australia_United Kingdom_New Zealand_United States_France_Fiji_Chile_Australia_Canada_Samoa_United States_Chile_France_New Zealand_Peru_United States_United States_Japan_France_United States_New Zealand_United Kingdom_South Korea_Kiribati_Kiribati_France_United States_United States_Marshall Islands_Palau_United States_Micronesia_Vanuatu_Ecuador_Nauru_Solomon Islands_France_Antarctica_Tuvalu_Kiribati_Papua New Guinea"
"Ardenna grisea_UK.tif",28,"Uruguay_Uruguay_Argentina_Trindade_Tristan da Cunha_Falkland / Malvinas Islands_Azores_Namibia_Brazil_Bermuda_South Africa_NA_Canada_Saint-Pierre and Miquelon_United States_Ireland_Madeira_Chile_Greenland_Cape Verde_United Kingdom_Iceland_Western Sahara_South Georgia and the South Sandwich Islands_French Guiana_Bouvet_Antarctica_Mauritania","Uruguay_Uruguay_Argentina_Brazil_United Kingdom_United Kingdom_Portugal_Namibia_Brazil_United Kingdom_South Africa_NA_Canada_France_United States_Ireland_Portugal_Chile_Denmark_Cape Verde_United Kingdom_Iceland_Western Sahara_United Kingdom_France_Norway_Antarctica_Mauritania"
"Ardenna pacifica_Australia.tif",11,"Singapore_Australia_Indonesia_Christmas Island_Cocos Islands_NA_Oecusse_Malaysia_Sri Lanka_Andaman and Nicobar_East Timor","Singapore_Australia_Indonesia_Australia_Australia_NA_East Timor_Malaysia_Sri Lanka_India_East Timor"
"Ardenna pacifica_France.tif",27,"Réunion_New Caledonia_Ile Tromelin_Republic of Mauritius_Madagascar_Vanuatu_Matthew and Hunter Islands_Norfolk Island_Glorioso Islands_Seychelles_Maldives_Sri Lanka_Mayotte_Chagos Archipelago_NA_Andaman and Nicobar_Australia_Comores_Bangladesh_India_Yemen_Solomon Islands_Amsterdam and Saint Paul Islands_Myanmar_Federal Republic of Somalia_Tanzania_Oman","France_France_France_Republic of Mauritius_Madagascar_Vanuatu_France_Australia_Madagascar_Seychelles_Maldives_Sri Lanka_France_Mauritius_NA_India_Australia_Comores_Bangladesh_India_Yemen_Solomon Islands_France_Myanmar_Federal Republic of Somalia_Tanzania_Oman"
"Ardenna pacifica_Mauritius.tif",16,"Réunion_Republic of Mauritius_Ile Tromelin_Madagascar_Seychelles_Sri Lanka_Glorioso Islands_Chagos Archipelago_Maldives_NA_Yemen_Federal Republic of Somalia_India_Andaman and Nicobar_Oman_Indonesia","France_Republic of Mauritius_France_Madagascar_Seychelles_Sri Lanka_Madagascar_Mauritius_Maldives_NA_Yemen_Federal Republic of Somalia_India_India_Oman_Indonesia"
"Ardenna pacifica_Seychelles.tif",22,"Réunion_Ile Tromelin_Seychelles_Republic of Mauritius_Sri Lanka_Madagascar_Maldives_Glorioso Islands_Andaman and Nicobar_Chagos Archipelago_Yemen_India_Federal Republic of Somalia_Bangladesh_Thailand_Oman_Myanmar_NA_Cocos Islands_Indonesia_Mayotte_Malaysia","France_France_Seychelles_Republic of Mauritius_Sri Lanka_Madagascar_Maldives_Madagascar_India_Mauritius_Yemen_India_Federal Republic of Somalia_Bangladesh_Thailand_Oman_Myanmar_NA_Australia_Indonesia_France_Malaysia"
"Ardenna pacifica_USA.tif",2,"Hawaii_NA","United States_NA"
"Ardenna tenuirostris_Australia.tif",26,"Kuril Islands_Japan_North Korea_Liancourt Rocks_Australia_South Korea_Russia_Northern Mariana Islands_United States_Norfolk Island_Alaska_Matthew and Hunter Islands_NA_Hawaii_New Caledonia_Vanuatu_New Zealand_Micronesia_Macquarie Island_Marshall Islands_Solomon Islands_Fiji_Nauru_Papua New Guinea_Gilbert Islands_Antarctica","Japan_Japan_North Korea_Japan_Australia_South Korea_Russia_United States_United States_Australia_United States_France_NA_United States_France_Vanuatu_New Zealand_Micronesia_Australia_Marshall Islands_Solomon Islands_Fiji_Nauru_Papua New Guinea_Kiribati_Antarctica"
"Bulweria bulwerii_Cape Verde.tif",18,"Cape Verde_Trindade_Guinea-Bissau_Ascension_Senegal_Azores_Senegal_Gambia_Brazil_Guinea_NA_Saint Helena_Canary Islands_Mauritania_Sierra Leone_Western Sahara_Liberia_Ivory Coast","Cape Verde_Brazil_Guinea-Bissau_United Kingdom_Senegal_Portugal_Senegal_Gambia_Brazil_Guinea_NA_United Kingdom_Spain_Mauritania_Sierra Leone_Western Sahara_Liberia_Ivory Coast"
"Bulweria bulwerii_Portugal.tif",25,"Madeira_Canary Islands_Azores_Portugal_Trindade_Morocco_Western Sahara_NA_Tristan da Cunha_Cape Verde_Brazil_Spain_Ascension_Guinea-Bissau_Saint Helena_Mauritania_Guinea_Senegal_Senegal_Gambia_Sierra Leone_Canada_Ghana_Liberia_Ivory Coast","Portugal_Spain_Portugal_Portugal_Brazil_Morocco_Western Sahara_NA_United Kingdom_Cape Verde_Brazil_Spain_United Kingdom_Guinea-Bissau_United Kingdom_Mauritania_Guinea_Senegal_Senegal_Gambia_Sierra Leone_Canada_Ghana_Liberia_Ivory Coast"
"Bulweria bulwerii_Spain.tif",22,"Canary Islands_Madeira_Azores_Western Sahara_Morocco_Trindade_NA_Tristan da Cunha_Cape Verde_Portugal_Brazil_Saint Helena_Ascension_Guinea-Bissau_Mauritania_Senegal_Senegal_Gambia_Guinea_Sierra Leone_Liberia_Ivory Coast","Spain_Portugal_Portugal_Western Sahara_Morocco_Brazil_NA_United Kingdom_Cape Verde_Portugal_Brazil_United Kingdom_United Kingdom_Guinea-Bissau_Mauritania_Senegal_Senegal_Gambia_Guinea_Sierra Leone_Liberia_Ivory Coast"
"Calonectris borealis_Portugal.tif",72,"Ceuta_Perejil Island_Gibraltar_Azores_South Africa_Madeira_Uruguay_Canary Islands_Mozambique_Morocco_Namibia_Europa Island_Brazil_Uruguay_Trindade_Bassas da India_Portugal_Spain_Western Sahara_Tristan da Cunha_NA_Réunion_Argentina_Madagascar_Juan de Nova Island_France_Saint Helena_Antigua and Barbuda_Angola_Comores_Cape Verde_Ascension_Guinea-Bissau_Ile Tromelin_Guadeloupe_Mauritania_Mayotte_France_Melilla_French Guiana_Guinea_Suriname_Dominica_Senegal_Republic of Mauritius_Senegal_Barbados_Guyana_Ireland_Gambia_Guyana_Sierra Leone_Martinique_Canada_Jersey_Barbados_Trinidad and Tobago_Liberia_United Kingdom_Guernsey_Ivory Coast_Saint-Pierre and Miquelon_Greenland_Iceland_United Kingdom_Ghana_Nigeria_Sao Tome and Principe_Faeroe_Prince Edward Islands_Falkland / Malvinas Islands_South Georgia and the South Sandwich Islands","Spain_Spain_United Kingdom_Portugal_South Africa_Portugal_Uruguay_Spain_Mozambique_Morocco_Namibia_France_Brazil_Uruguay_Brazil_France_Portugal_Spain_Western Sahara_United Kingdom_NA_France_Argentina_Madagascar_France_France_United Kingdom_Antigua and Barbuda_Angola_Comores_Cape Verde_United Kingdom_Guinea-Bissau_France_France_Mauritania_France_France_Spain_France_Guinea_Suriname_Dominica_Senegal_Republic of Mauritius_Senegal_Barbados_Guyana_Ireland_Gambia_Guyana_Sierra Leone_France_Canada_United Kingdom_Barbados_Trinidad and Tobago_Liberia_United Kingdom_United Kingdom_Ivory Coast_France_Denmark_Iceland_United Kingdom_Ghana_Nigeria_Sao Tome and Principe_Denmark_South Africa_United Kingdom_United Kingdom"
"Calonectris borealis_Spain.tif",45,"Canary Islands_Madeira_South Africa_Western Sahara_Mozambique_Morocco_Uruguay_Namibia_Europa Island_Guinea-Bissau_Trindade_Uruguay_Tristan da Cunha_Bassas da India_Brazil_Portugal_Guinea_Mauritania_Juan de Nova Island_Sierra Leone_NA_Azores_Gambia_Democratic Republic of the Congo_Argentina_Senegal_Madagascar_Senegal_Angola_Spain_Ascension_Cape Verde_Republic of the Congo_Saint Helena_Liberia_Ireland_Comores_Ivory Coast_Gabon_Mayotte_Ghana_Equatorial Guinea_United Kingdom_France_Canada","Spain_Portugal_South Africa_Western Sahara_Mozambique_Morocco_Uruguay_Namibia_France_Guinea-Bissau_Brazil_Uruguay_United Kingdom_France_Brazil_Portugal_Guinea_Mauritania_France_Sierra Leone_NA_Portugal_Gambia_Democratic Republic of the Congo_Argentina_Senegal_Madagascar_Senegal_Angola_Spain_United Kingdom_Cape Verde_Republic of the Congo_United Kingdom_Liberia_Ireland_Comores_Ivory Coast_Gabon_France_Ghana_Equatorial Guinea_United Kingdom_France_Canada"
"Calonectris diomedea_Italy.tif",56,"Tunisia_Malta_Libya_Italy_Vatican City_Monaco_Croatia_San Marino_Montenegro_Algeria_Albania_France_France_Spain_Ceuta_Perejil Island_Gibraltar_Melilla_Greece_Morocco_Guinea-Bissau_Guinea_Madeira_Canary Islands_Portugal_Azores_Sierra Leone_Gambia_Western Sahara_Senegal_Angola_Anguilla_Senegal_Bermuda_Equatorial Guinea_British Virgin Islands_Antigua and Barbuda_Mauritania_France_Ghana_Republic of the Congo_Liberia_Cape Verde_NA_Ivory Coast_Guadeloupe_Sao Tome and Principe_Togo_Sao Tome and Principe_Gabon_Benin_Canada_Ireland_United Kingdom_Saint-Pierre and Miquelon_Brazil","Tunisia_Malta_Libya_Italy_Vatican City_Monaco_Croatia_San Marino_Montenegro_Algeria_Albania_France_France_Spain_Spain_Spain_United Kingdom_Spain_Greece_Morocco_Guinea-Bissau_Guinea_Portugal_Spain_Portugal_Portugal_Sierra Leone_Gambia_Western Sahara_Senegal_Angola_United Kingdom_Senegal_United Kingdom_Equatorial Guinea_United Kingdom_Antigua and Barbuda_Mauritania_France_Ghana_Republic of the Congo_Liberia_Cape Verde_NA_Ivory Coast_France_Sao Tome and Principe_Togo_Sao Tome and Principe_Gabon_Benin_Canada_Ireland_United Kingdom_France_Brazil"
"Calonectris diomedea_Malta.tif",58,"Malta_Tunisia_Libya_Italy_Vatican City_Albania_Croatia_Algeria_San Marino_Ceuta_Perejil Island_Gibraltar_Melilla_Montenegro_Greece_Spain_Monaco_France_Morocco_Guinea-Bissau_France_Madeira_Democratic Republic of the Congo_Canary Islands_Guinea_Republic of the Congo_Portugal_Azores_Western Sahara_Senegal_Gambia_Senegal_Sierra Leone_Angola_Gabon_Mauritania_Cape Verde_France_Ghana_French Guiana_Ivory Coast_NA_Ascension_Liberia_Namibia_Poland_Suriname_Equatorial Guinea_Germany_Denmark_Guadeloupe_United Kingdom_Ireland_Brazil_Sweden_Barbados_Canada_Russia","Malta_Tunisia_Libya_Italy_Vatican City_Albania_Croatia_Algeria_San Marino_Spain_Spain_United Kingdom_Spain_Montenegro_Greece_Spain_Monaco_France_Morocco_Guinea-Bissau_France_Portugal_Democratic Republic of the Congo_Spain_Guinea_Republic of the Congo_Portugal_Portugal_Western Sahara_Senegal_Gambia_Senegal_Sierra Leone_Angola_Gabon_Mauritania_Cape Verde_France_Ghana_France_Ivory Coast_NA_United Kingdom_Liberia_Namibia_Poland_Suriname_Equatorial Guinea_Germany_Denmark_France_United Kingdom_Ireland_Brazil_Sweden_Barbados_Canada_Russia"
"Calonectris diomedea_Spain.tif",67,"Melilla_Ceuta_Perejil Island_Gibraltar_Algeria_Spain_Morocco_Monaco_Italy_Tunisia_France_France_Democratic Republic of the Congo_France_Jersey_Canary Islands_Republic of the Congo_Vatican City_Madeira_Portugal_Angola_Western Sahara_San Marino_Guinea-Bissau_Gabon_Guinea_Croatia_Ghana_Azores_Equatorial Guinea_Benin_Sierra Leone_Ivory Coast_Mauritania_Netherlands_Gambia_Guernsey_Senegal_Senegal_Namibia_Sao Tome and Principe_Togo_Nigeria_Sao Tome and Principe_Liberia_Trindade_Cape Verde_NA_Ascension_United Kingdom_Barbados_Ireland_Barbados_Martinique_Libya_Dominica_Guyana_Guadeloupe_Suriname_Saint Helena_Canada_French Guiana_Guyana_Brazil_Trinidad and Tobago_Saint-Pierre and Miquelon_Greenland","Spain_Spain_Spain_United Kingdom_Algeria_Spain_Morocco_Monaco_Italy_Tunisia_France_France_Democratic Republic of the Congo_France_United Kingdom_Spain_Republic of the Congo_Vatican City_Portugal_Portugal_Angola_Western Sahara_San Marino_Guinea-Bissau_Gabon_Guinea_Croatia_Ghana_Portugal_Equatorial Guinea_Benin_Sierra Leone_Ivory Coast_Mauritania_Netherlands_Gambia_United Kingdom_Senegal_Senegal_Namibia_Sao Tome and Principe_Togo_Nigeria_Sao Tome and Principe_Liberia_Brazil_Cape Verde_NA_United Kingdom_United Kingdom_Barbados_Ireland_Barbados_France_Libya_Dominica_Guyana_France_Suriname_United Kingdom_Canada_France_Guyana_Brazil_Trinidad and Tobago_France_Denmark"
"Calonectris diomedea_Tunisia.tif",55,"Tunisia_Malta_Libya_Italy_Vatican City_Algeria_Croatia_Monaco_Ceuta_Perejil Island_Gibraltar_Montenegro_Albania_Melilla_France_Spain_San Marino_Democratic Republic of the Congo_Greece_Republic of the Congo_Morocco_Canary Islands_Angola_Western Sahara_Gabon_Madeira_Azores_Guinea-Bissau_Jersey_Portugal_Equatorial Guinea_Ghana_Guinea_Mauritania_Ivory Coast_France_Sierra Leone_Senegal_Gambia_Senegal_Liberia_Benin_Sao Tome and Principe_Ireland_Guernsey_NA_Togo_Cape Verde_United Kingdom_Canada_Namibia_Ascension_Saint-Pierre and Miquelon_Brazil_Iceland","Tunisia_Malta_Libya_Italy_Vatican City_Algeria_Croatia_Monaco_Spain_Spain_United Kingdom_Montenegro_Albania_Spain_France_Spain_San Marino_Democratic Republic of the Congo_Greece_Republic of the Congo_Morocco_Spain_Angola_Western Sahara_Gabon_Portugal_Portugal_Guinea-Bissau_United Kingdom_Portugal_Equatorial Guinea_Ghana_Guinea_Mauritania_Ivory Coast_France_Sierra Leone_Senegal_Gambia_Senegal_Liberia_Benin_Sao Tome and Principe_Ireland_United Kingdom_NA_Togo_Cape Verde_United Kingdom_Canada_Namibia_United Kingdom_France_Brazil_Iceland"
"Calonectris edwardsii_Cape Verde.tif",18,"Uruguay_Uruguay_Brazil_Cape Verde_Argentina_Guinea-Bissau_Canary Islands_Trindade_Senegal_Senegal_Guinea_Gambia_Western Sahara_Madeira_Mauritania_Azores_NA_Sierra Leone","Uruguay_Uruguay_Brazil_Cape Verde_Argentina_Guinea-Bissau_Spain_Brazil_Senegal_Senegal_Guinea_Gambia_Western Sahara_Portugal_Mauritania_Portugal_NA_Sierra Leone"
"Calonectris leucomelas_Japan.tif",21,"Japan_Kuril Islands_Brunei_Senkaku Islands_Palau_Taiwan_South Korea_Malaysia_Micronesia_China_China_NA_Philippines_Indonesia_Guam_Vietnam_Northern Mariana Islands_Papua New Guinea_Papua New Guinea_Russia_Australia","Japan_Japan_Brunei_Taiwan_Palau_Taiwan_South Korea_Malaysia_Micronesia_China_China_NA_Philippines_Indonesia_United States_Vietnam_United States_Papua New Guinea_Papua New Guinea_Russia_Australia"
"Calonectris leucomelas_South Korea.tif",21,"Singapore_Brunei_Malaysia_China_South Korea_Vietnam_South Korea_Philippines_North Korea_Indonesia_Senkaku Islands_Taiwan_China_Japan_Thailand_East Timor_Cambodia_Australia_Papua New Guinea_Papua New Guinea_NA","Singapore_Brunei_Malaysia_China_South Korea_Vietnam_South Korea_Philippines_North Korea_Indonesia_Taiwan_Taiwan_China_Japan_Thailand_East Timor_Cambodia_Australia_Papua New Guinea_Papua New Guinea_NA"
"Daption capense_Antarctica.tif",5,"New Zealand_Australia_Macquarie Island_NA_Antarctica","New Zealand_Australia_Australia_NA_Antarctica"
"Fulmarus glacialis_Canada.tif",5,"Ireland_Greenland_Canada_NA_United Kingdom","Ireland_Denmark_Canada_NA_United Kingdom"
"Fulmarus glacialis_Denmark.tif",21,"Faeroe_United Kingdom_Denmark_Faeroe_United Kingdom_Norway_Iceland_Ireland_Iceland_Jan Mayen_Germany_Svalbard_Netherlands_Russia_Greenland_Sweden_NA_Guernsey_Canada_Azores_Jersey","Denmark_United Kingdom_Denmark_Denmark_United Kingdom_Norway_Iceland_Ireland_Iceland_Norway_Germany_Norway_Netherlands_Russia_Denmark_Sweden_NA_United Kingdom_Canada_Portugal_United Kingdom"
"Fulmarus glacialis_Iceland.tif",15,"Iceland_Iceland_Faeroe_Jan Mayen_Faeroe_Greenland_Norway_Svalbard_United Kingdom_United Kingdom_Canada_Russia_NA_United States_Ireland","Iceland_Iceland_Denmark_Norway_Denmark_Denmark_Norway_Norway_United Kingdom_United Kingdom_Canada_Russia_NA_United States_Ireland"
"Fulmarus glacialis_Norway.tif",22,"Norway_Denmark_Svalbard_Jan Mayen_Iceland_Germany_Netherlands_Russia_Faeroe_Iceland_Greenland_United Kingdom_United Kingdom_Faeroe_Sweden_Ireland_Poland_Finland_Canada_NA_France_Estonia","Norway_Denmark_Norway_Norway_Iceland_Germany_Netherlands_Russia_Denmark_Iceland_Denmark_United Kingdom_United Kingdom_Denmark_Sweden_Ireland_Poland_Finland_Canada_NA_France_Estonia"
"Fulmarus glacialis_UK.tif",22,"Jersey_Denmark_Netherlands_United Kingdom_United Kingdom_Germany_Faeroe_Norway_France_Guernsey_Ireland_Faeroe_Svalbard_Jan Mayen_Iceland_Iceland_Sweden_Russia_Greenland_NA_Azores_Canada","United Kingdom_Denmark_Netherlands_United Kingdom_United Kingdom_Germany_Denmark_Norway_France_United Kingdom_Ireland_Denmark_Norway_Norway_Iceland_Iceland_Sweden_Russia_Denmark_NA_Portugal_Canada"
"Fulmarus glacialoides_Antarctica.tif",10,"Macquarie Island_Antarctica_Heard and McDonald Islands_Australia_Amsterdam and Saint Paul Islands_New Zealand_NA_Kerguélen_Bouvet_Crozet Islands","Australia_Antarctica_Australia_Australia_France_New Zealand_NA_France_Norway_France"
"Halobaena caerulea_France.tif",12,"Amsterdam and Saint Paul Islands_Kerguélen_Heard and McDonald Islands_NA_Crozet Islands_Prince Edward Islands_Bouvet_Macquarie Island_Australia_Antarctica_New Zealand_South Georgia and the South Sandwich Islands","France_France_Australia_NA_France_South Africa_Norway_Australia_Australia_Antarctica_New Zealand_United Kingdom"
"Halobaena caerulea_UK.tif",8,"South Georgia and the South Sandwich Islands_Falkland / Malvinas Islands_NA_Bouvet_Argentina_Antarctica_Chile_New Zealand","United Kingdom_United Kingdom_NA_Norway_Argentina_Antarctica_Chile_New Zealand"
"Hydrobates castro_Portugal.tif",64,"Ceuta_Perejil Island_Gibraltar_Azores_Morocco_Spain_Bahamas_Portugal_Madeira_France_Cayman Islands_Honduras_Turks and Caicos Islands_Bermuda_Puerto Rico_United States_Cuba_Dominican Republic_British Virgin Islands_Serranilla Bank_Ecuador_France_Costa Rica_Jamaica_Colombia_Honduras_Mexico_Bajo Nuevo Bank_Anguilla_Jamaica_Jersey_Costa Rica_Puerto Rico_Serrana Bank_Quitasueño Bank_Navassa Island_Ecuador_El Salvador_Guatemala_Nicaragua_Panama_NA_Collectivity of Saint Martin_Belize_Saba_United States Virgin Islands_Galapagos_Ireland_Antigua and Barbuda_Sint-Maarten_Saint-Barthélemy_Peru_Canary Islands_Haiti_Guernsey_Sint-Eustatius_United Kingdom_Saint Kitts and Nevis_Montserrat_Guadeloupe_Peru_Bonaire_Curaçao_Venezuela","Spain_Spain_United Kingdom_Portugal_Morocco_Spain_Bahamas_Portugal_Portugal_France_United Kingdom_Honduras_United Kingdom_United Kingdom_United States_United States_Cuba_Dominican Republic_United Kingdom_Colombia_Ecuador_France_Costa Rica_Jamaica_Colombia_Honduras_Mexico_Colombia_United Kingdom_Jamaica_United Kingdom_Costa Rica_United States_Colombia_Colombia_Haiti_Ecuador_El Salvador_Guatemala_Nicaragua_Panama_NA_France_Belize_Netherlands_United States_Ecuador_Ireland_Antigua and Barbuda_Netherlands_France_Peru_Spain_Haiti_United Kingdom_Netherlands_United Kingdom_Saint Kitts and Nevis_United Kingdom_France_Peru_Netherlands_Netherlands_Venezuela"
"Hydrobates castro_UK.tif",2,"Saint Helena_NA","United Kingdom_NA"
"Hydrobates furcatus_Canada.tif",4,"United States_Canada_NA_Alaska","United States_Canada_NA_United States"
"Hydrobates jabejabe_Cape Verde.tif",6,"Cape Verde_Senegal_Senegal_Gambia_Guinea-Bissau_NA","Cape Verde_Senegal_Senegal_Gambia_Guinea-Bissau_NA"
"Hydrobates leucorhous_Canada.tif",16,"United States_Mexico_Clipperton Island_Canada_Ecuador_Peru_Bermuda_Ecuador_Costa Rica_NA_Galapagos_Peru_Costa Rica_Saint-Pierre and Miquelon_Colombia_Alaska","United States_Mexico_France_Canada_Ecuador_Peru_United Kingdom_Ecuador_Costa Rica_NA_Ecuador_Peru_Costa Rica_France_Colombia_United States"
"Hydrobates monteiroi_Portugal.tif",2,"Azores_NA","Portugal_NA"
"Hydrobates pelagicus_Ireland.tif",3,"Ireland_United Kingdom_NA","Ireland_United Kingdom_NA"
"Hydrobates pelagicus_Italy.tif",7,"Monaco_Italy_Algeria_Spain_Vatican City_France_Tunisia","Monaco_Italy_Algeria_Spain_Vatican City_France_Tunisia"
"Hydrobates pelagicus_Malta.tif",25,"Malta_Tunisia_Italy_Libya_Vatican City_Algeria_Croatia_Albania_Montenegro_San Marino_Spain_Monaco_Ceuta_Perejil Island_Gibraltar_Melilla_Greece_France_Jersey_France_Morocco_Guernsey_United Kingdom_Ireland_NA","Malta_Tunisia_Italy_Libya_Vatican City_Algeria_Croatia_Albania_Montenegro_San Marino_Spain_Monaco_Spain_Spain_United Kingdom_Spain_Greece_France_United Kingdom_France_Morocco_United Kingdom_United Kingdom_Ireland_NA"
"Hydrobates pelagicus_Spain.tif",7,"Melilla_Ceuta_Perejil Island_Gibraltar_Algeria_Spain_Morocco","Spain_Spain_Spain_United Kingdom_Algeria_Spain_Morocco"
"Hydrobates pelagicus_UK.tif",7,"United Kingdom_United Kingdom_Norway_Faeroe_Denmark_Netherlands_Germany","United Kingdom_United Kingdom_Norway_Denmark_Denmark_Netherlands_Germany"
"Oceanites oceanicus_UK.tif",2,"Antarctica_NA","Antarctica_NA"
"Pachyptila belcheri_France.tif",10,"Amsterdam and Saint Paul Islands_South Africa_NA_Tristan da Cunha_Crozet Islands_Kerguélen_Heard and McDonald Islands_Bouvet_Prince Edward Islands_Antarctica","France_South Africa_NA_United Kingdom_France_France_Australia_Norway_South Africa_Antarctica"
"Pachyptila belcheri_UK.tif",9,"Argentina_Uruguay_Falkland / Malvinas Islands_Uruguay_Chile_NA_Bouvet_South Georgia and the South Sandwich Islands_Antarctica","Argentina_Uruguay_United Kingdom_Uruguay_Chile_NA_Norway_United Kingdom_Antarctica"
"Pachyptila desolata_France.tif",11,"Amsterdam and Saint Paul Islands_Madagascar_NA_Australia_Prince Edward Islands_Crozet Islands_Europa Island_Kerguélen_Heard and McDonald Islands_New Zealand_Antarctica","France_Madagascar_NA_Australia_South Africa_France_France_France_Australia_New Zealand_Antarctica"
"Pachyptila desolata_UK.tif",9,"Uruguay_Uruguay_Brazil_Argentina_NA_South Georgia and the South Sandwich Islands_Falkland / Malvinas Islands_Antarctica_Chile","Uruguay_Uruguay_Brazil_Argentina_NA_United Kingdom_United Kingdom_Antarctica_Chile"
"Pachyptila macgillivrayi_UK.tif",6,"Tristan da Cunha_NA_Uruguay_South Georgia and the South Sandwich Islands_Falkland / Malvinas Islands_Brazil","United Kingdom_NA_Uruguay_United Kingdom_United Kingdom_Brazil"
"Pachyptila turtur_Australia.tif",2,"Australia_NA","Australia_NA"
"Pachyptila turtur_New Zealand.tif",2,"New Zealand_NA","New Zealand_NA"
"Pachyptila vittata_UK.tif",5,"Tristan da Cunha_NA_South Africa_South Georgia and the South Sandwich Islands_Falkland / Malvinas Islands","United Kingdom_NA_South Africa_United Kingdom_United Kingdom"
"Pagodroma nivea_Antarctica.tif",7,"Heard and McDonald Islands_Bouvet_Antarctica_NA_South Georgia and the South Sandwich Islands_Kerguélen_Prince Edward Islands","Australia_Norway_Antarctica_NA_United Kingdom_France_South Africa"
"Pelagodroma marina_Cape Verde.tif",7,"Cape Verde_Senegal_Mauritania_Gambia_Western Sahara_Senegal_NA","Cape Verde_Senegal_Mauritania_Gambia_Western Sahara_Senegal_NA"
"Pelagodroma marina_Portugal.tif",5,"Madeira_Canary Islands_Morocco_Western Sahara_NA","Portugal_Spain_Morocco_Western Sahara_NA"
"Pelecanoides garnotii_Peru.tif",2,"Peru_NA","Peru_NA"
"Pelecanoides georgicus_UK.tif",4,"Tristan da Cunha_South Georgia and the South Sandwich Islands_NA_Antarctica","United Kingdom_United Kingdom_NA_Antarctica"
"Pelecanoides urinatrix_Australia.tif",1,"Australia","Australia"
"Pelecanoides urinatrix_New Zealand.tif",2,"New Zealand_NA","New Zealand_NA"
"Pelecanoides urinatrix_UK.tif",5,"Tristan da Cunha_South Georgia and the South Sandwich Islands_NA_Bouvet_Antarctica","United Kingdom_United Kingdom_NA_Norway_Antarctica"
"Pelecanoides whenuahouensis_New Zealand.tif",5,"New Zealand_Macquarie Island_NA_Australia_Antarctica","New Zealand_Australia_NA_Australia_Antarctica"
"Procellaria aequinoctialis_France.tif",30,"South Africa_Namibia_Democratic Republic of the Congo_Amsterdam and Saint Paul Islands_Mozambique_Republic of the Congo_Réunion_Angola_Europa Island_Madagascar_NA_Republic of Mauritius_Bassas da India_Glorioso Islands_Mayotte_Ile Tromelin_Comores_Gabon_Juan de Nova Island_Tanzania_Kerguélen_Crozet Islands_Chagos Archipelago_Australia_Heard and McDonald Islands_Prince Edward Islands_Cocos Islands_Seychelles_Maldives_Antarctica","South Africa_Namibia_Democratic Republic of the Congo_France_Mozambique_Republic of the Congo_France_Angola_France_Madagascar_NA_Republic of Mauritius_France_Madagascar_France_France_Comores_Gabon_France_Tanzania_France_France_Mauritius_Australia_Australia_South Africa_Australia_Seychelles_Maldives_Antarctica"
"Procellaria aequinoctialis_New Zealand.tif",16,"Islas San Félix and San Ambrosio_New Zealand_Chile_Tonga_French Polynesia_Pitcairn_Peru_Norfolk Island_NA_Matthew and Hunter Islands_Cook Islands_Fiji_Niue_Argentina_Macquarie Island_Antarctica","Chile_New Zealand_Chile_Tonga_France_United Kingdom_Peru_Australia_NA_France_New Zealand_Fiji_New Zealand_Argentina_Australia_Antarctica"
"Procellaria aequinoctialis_South Africa.tif",8,"South Africa_Namibia_Prince Edward Islands_NA_Angola_Crozet Islands_Mozambique_Antarctica","South Africa_Namibia_South Africa_NA_Angola_France_Mozambique_Antarctica"
"Procellaria aequinoctialis_UK.tif",9,"Uruguay_Uruguay_Argentina_Brazil_Falkland / Malvinas Islands_Chile_NA_South Georgia and the South Sandwich Islands_Antarctica","Uruguay_Uruguay_Argentina_Brazil_United Kingdom_Chile_NA_United Kingdom_Antarctica"
"Procellaria cinerea_France.tif",7,"Amsterdam and Saint Paul Islands_NA_Kerguélen_Australia_Cocos Islands_Heard and McDonald Islands_Antarctica","France_NA_France_Australia_Australia_Australia_Antarctica"
"Procellaria cinerea_New Zealand.tif",7,"New Zealand_NA_Macquarie Island_French Polynesia_Australia_Chile_Antarctica","New Zealand_NA_Australia_France_Australia_Chile_Antarctica"
"Procellaria cinerea_South Africa.tif",7,"Tristan da Cunha_Prince Edward Islands_South Africa_NA_Crozet Islands_Bouvet_Antarctica","United Kingdom_South Africa_South Africa_NA_France_Norway_Antarctica"
"Procellaria cinerea_UK.tif",12,"Tristan da Cunha_Uruguay_Uruguay_Argentina_NA_Falkland / Malvinas Islands_South Georgia and the South Sandwich Islands_Ascension_Brazil_Antarctica_Chile_Bouvet","United Kingdom_Uruguay_Uruguay_Argentina_NA_United Kingdom_United Kingdom_United Kingdom_Brazil_Antarctica_Chile_Norway"
"Procellaria conspicillata_UK.tif",8,"Tristan da Cunha_Uruguay_Brazil_Uruguay_NA_Argentina_South Africa_Namibia","United Kingdom_Uruguay_Brazil_Uruguay_NA_Argentina_South Africa_Namibia"
"Procellaria parkinsoni_New Zealand.tif",45,"Ecuador_Ecuador_Colombia_Easter Island_Peru_Norfolk Island_Panama_New Zealand_Pitcairn_Matthew and Hunter Islands_Costa Rica_Peru_Costa Rica_Galapagos_Islas San Félix and San Ambrosio_Honduras_New Caledonia_Cuba_Australia_French Polynesia_Belize_Navassa Island_NA_Tonga_Honduras_Mexico_Fiji_Cook Islands_Jamaica_United States_Cayman Islands_Haiti_Guatemala_Niue_Vanuatu_Dominican Republic_Samoa_Johnston Atoll_Bahamas_American Samoa_Chile_Solomon Islands_Wallis and Futuna_Venezuela_Nicaragua","Ecuador_Ecuador_Colombia_Chile_Peru_Australia_Panama_New Zealand_United Kingdom_France_Costa Rica_Peru_Costa Rica_Ecuador_Chile_Honduras_France_Cuba_Australia_France_Belize_Haiti_NA_Tonga_Honduras_Mexico_Fiji_New Zealand_Jamaica_United States_United Kingdom_Haiti_Guatemala_New Zealand_Vanuatu_Dominican Republic_Samoa_United States_Bahamas_United States_Chile_Solomon Islands_France_Venezuela_Nicaragua"
"Procellaria westlandica_New Zealand.tif",6,"New Zealand_Chile_Argentina_Norfolk Island_Falkland / Malvinas Islands_NA","New Zealand_Chile_Argentina_Australia_United Kingdom_NA"
"Pseudobulweria aterrima_France.tif",35,"Réunion_Republic of Mauritius_Madagascar_Ile Tromelin_Glorioso Islands_Mayotte_Pakistan_Andaman and Nicobar_Europa Island_Maldives_Sri Lanka_India_Seychelles_Amsterdam and Saint Paul Islands_Juan de Nova Island_Comores_Bangladesh_Bassas da India_NA_Oman_Chagos Archipelago_Cocos Islands_Myanmar_Federal Republic of Somalia_Kenya_Tanzania_Mozambique_Yemen_Iran_Kenya_Christmas Island_South Africa_Australia_Thailand_Indonesia","France_Republic of Mauritius_Madagascar_France_Madagascar_France_Pakistan_India_France_Maldives_Sri Lanka_India_Seychelles_France_France_Comores_Bangladesh_France_NA_Oman_Mauritius_Australia_Myanmar_Federal Republic of Somalia_Kenya_Tanzania_Mozambique_Yemen_Iran_Kenya_Australia_South Africa_Australia_Thailand_Indonesia"
"Pseudobulweria rostrata_France.tif",8,"New Caledonia_Norfolk Island_Matthew and Hunter Islands_Vanuatu_Fiji_NA_Australia_Solomon Islands","France_Australia_France_Vanuatu_Fiji_NA_Australia_Solomon Islands"
"Pterodroma arminjoniana_Brazil.tif",18,"Trindade_Bermuda_United States_NA_Brazil_Azores_Bahamas_Antigua and Barbuda_Guadeloupe_Canada_Dominica_Anguilla_Martinique_Barbados_Saint-Pierre and Miquelon_French Guiana_Cape Verde_South Georgia and the South Sandwich Islands","Brazil_United Kingdom_United States_NA_Brazil_Portugal_Bahamas_Antigua and Barbuda_France_Canada_Dominica_United Kingdom_France_Barbados_France_France_Cape Verde_United Kingdom"
"Pterodroma arminjoniana_Mauritius.tif",21,"Réunion_Republic of Mauritius_Ile Tromelin_Madagascar_Seychelles_Maldives_NA_Cocos Islands_Chagos Archipelago_India_Sri Lanka_Oman_Pakistan_South Africa_Andaman and Nicobar_Yemen_Christmas Island_Australia_Federal Republic of Somalia_French Guiana_Papua New Guinea","France_Republic of Mauritius_France_Madagascar_Seychelles_Maldives_NA_Australia_Mauritius_India_Sri Lanka_Oman_Pakistan_South Africa_India_Yemen_Australia_Australia_Federal Republic of Somalia_France_Papua New Guinea"
"Pterodroma axillaris_New Zealand.tif",14,"Islas San Félix and San Ambrosio_Easter Island_New Zealand_Chile_NA_Costa Rica_Ecuador_Galapagos_Ecuador_Costa Rica_Peru_Peru_Colombia_French Polynesia","Chile_Chile_New Zealand_Chile_NA_Costa Rica_Ecuador_Ecuador_Ecuador_Costa Rica_Peru_Peru_Colombia_France"
"Pterodroma baraui_France.tif",15,"Réunion_Madagascar_Republic of Mauritius_Ile Tromelin_South Africa_Cocos Islands_NA_Amsterdam and Saint Paul Islands_Chagos Archipelago_Mozambique_Crozet Islands_Seychelles_Glorioso Islands_Kerguélen_Europa Island","France_Madagascar_Republic of Mauritius_France_South Africa_Australia_NA_France_Mauritius_Mozambique_France_Seychelles_Madagascar_France_France"
"Pterodroma cahow_UK.tif",20,"Bermuda_Bahamas_Azores_United States_British Virgin Islands_NA_Anguilla_France_Puerto Rico_Spain_Dominican Republic_Ireland_Turks and Caicos Islands_France_Canada_Portugal_Puerto Rico_United Kingdom_Antigua and Barbuda_Cape Verde","United Kingdom_Bahamas_Portugal_United States_United Kingdom_NA_United Kingdom_France_United States_Spain_Dominican Republic_Ireland_United Kingdom_France_Canada_Portugal_United States_United Kingdom_Antigua and Barbuda_Cape Verde"
"Pterodroma cervicalis_Australia.tif",6,"Norfolk Island_New Zealand_New Caledonia_Australia_Matthew and Hunter Islands_NA","Australia_New Zealand_France_Australia_France_NA"
"Pterodroma cookii_New Zealand.tif",41,"Hawaii_NA_New Zealand_United States_Mexico_Johnston Atoll_Norfolk Island_Easter Island_Australia_Clipperton Island_Tonga_Ecuador_Matthew and Hunter Islands_Fiji_Peru_Ecuador_New Caledonia_Peru_Niue_Islas San Félix and San Ambrosio_Colombia_Vanuatu_Pitcairn_Palmyra Atoll_American Samoa_Cook Islands_Galapagos_Nauru_Solomon Islands_French Polynesia_Chile_Gilbert Islands_Tokelau_Wallis and Futuna_Line Group_Macquarie Island_Tuvalu_Phoenix Group_Marshall Islands_Jarvis Island_Howland and Baker islands","United States_NA_New Zealand_United States_Mexico_United States_Australia_Chile_Australia_France_Tonga_Ecuador_France_Fiji_Peru_Ecuador_France_Peru_New Zealand_Chile_Colombia_Vanuatu_United Kingdom_United States_United States_New Zealand_Ecuador_Nauru_Solomon Islands_France_Chile_Kiribati_New Zealand_France_Kiribati_Australia_Tuvalu_Kiribati_Marshall Islands_United States_United States"
"Pterodroma deserta_Portugal.tif",37,"Madeira_Canary Islands_Azores_Bahamas_Brazil_Trindade_Portugal_United States_Morocco_Western Sahara_Cape Verde_NA_Spain_Bermuda_Guinea-Bissau_Anguilla_Senegal_Senegal_Mauritania_Antigua and Barbuda_Gambia_Cuba_Ireland_Guadeloupe_Guinea_French Guiana_Barbados_Dominica_Martinique_Suriname_Barbados_Guyana_Trinidad and Tobago_Guyana_Canada_United Kingdom_South Georgia and the South Sandwich Islands","Portugal_Spain_Portugal_Bahamas_Brazil_Brazil_Portugal_United States_Morocco_Western Sahara_Cape Verde_NA_Spain_United Kingdom_Guinea-Bissau_United Kingdom_Senegal_Senegal_Mauritania_Antigua and Barbuda_Gambia_Cuba_Ireland_France_Guinea_France_Barbados_Dominica_France_Suriname_Barbados_Guyana_Trinidad and Tobago_Guyana_Canada_United Kingdom_United Kingdom"
"Pterodroma feae_Cape Verde.tif",15,"Canary Islands_Cape Verde_Madeira_Guinea-Bissau_Western Sahara_Azores_Senegal_Guinea_Senegal_Gambia_Sierra Leone_NA_Ascension_Mauritania_Brazil","Spain_Cape Verde_Portugal_Guinea-Bissau_Western Sahara_Portugal_Senegal_Guinea_Senegal_Gambia_Sierra Leone_NA_United Kingdom_Mauritania_Brazil"
"Pterodroma gouldi_New Zealand.tif",4,"Norfolk Island_New Zealand_Australia_NA","Australia_New Zealand_Australia_NA"
"Pterodroma hasitata_Dominican Republic.tif",31,"Turks and Caicos Islands_Bahamas_Dominican Republic_Navassa Island_Haiti_United States_Dominican Republic_Puerto Rico_Jamaica_Colombia_Bermuda_Venezuela_Jamaica_Cuba_Aruba_Cayman Islands_Bajo Nuevo Bank_Serranilla Bank_Colombia_Honduras_Curaçao_Panama_Puerto Rico_Bonaire_Serrana Bank_Venezuela_Quitasueño Bank_NA_Nicaragua_Honduras_Costa Rica","United Kingdom_Bahamas_Dominican Republic_Haiti_Haiti_United States_Dominican Republic_United States_Jamaica_Colombia_United Kingdom_Venezuela_Jamaica_Cuba_Netherlands_United Kingdom_Colombia_Colombia_Colombia_Honduras_Netherlands_Panama_United States_Netherlands_Colombia_Venezuela_Colombia_NA_Nicaragua_Honduras_Costa Rica"
"Pterodroma incerta_UK.tif",10,"Uruguay_Tristan da Cunha_Uruguay_Brazil_Argentina_NA_Trindade_Falkland / Malvinas Islands_South Georgia and the South Sandwich Islands_Antarctica","Uruguay_United Kingdom_Uruguay_Brazil_Argentina_NA_Brazil_United Kingdom_United Kingdom_Antarctica"
"Pterodroma inexpectata_New Zealand.tif",34,"Hawaii_NA_New Zealand_Johnston Atoll_Norfolk Island_Alaska_Australia_Wake Island_New Caledonia_Japan_United States_Matthew and Hunter Islands_Macquarie Island_Vanuatu_Fiji_Russia_Tonga_Niue_Cook Islands_American Samoa_Wallis and Futuna_Palmyra Atoll_Samoa_Tokelau_Marshall Islands_Tuvalu_Howland and Baker islands_Solomon Islands_Gilbert Islands_Phoenix Group_French Polynesia_Jarvis Island_Line Group_Antarctica","United States_NA_New Zealand_United States_Australia_United States_Australia_United States_France_Japan_United States_France_Australia_Vanuatu_Fiji_Russia_Tonga_New Zealand_New Zealand_United States_France_United States_Samoa_New Zealand_Marshall Islands_Tuvalu_United States_Solomon Islands_Kiribati_Kiribati_France_United States_Kiribati_Antarctica"
"Pterodroma lessonii_New Zealand.tif",10,"Amsterdam and Saint Paul Islands_New Zealand_Australia_Prince Edward Islands_NA_Macquarie Island_Crozet Islands_Kerguélen_Heard and McDonald Islands_Antarctica","France_New Zealand_Australia_South Africa_NA_Australia_France_France_Australia_Antarctica"
"Pterodroma leucoptera_Australia.tif",36,"Australia_Johnston Atoll_Norfolk Island_Wake Island_New Caledonia_Hawaii_Matthew and Hunter Islands_New Zealand_NA_Tonga_Palmyra Atoll_French Polynesia_Cook Islands_Fiji_Niue_Pitcairn_Vanuatu_Easter Island_American Samoa_Solomon Islands_Clipperton Island_Papua New Guinea_Samoa_Line Group_Tokelau_Nauru_Howland and Baker islands_Gilbert Islands_Marshall Islands_Wallis and Futuna_Phoenix Group_Tuvalu_Micronesia_Jarvis Island_Macquarie Island_Antarctica","Australia_United States_Australia_United States_France_United States_France_New Zealand_NA_Tonga_United States_France_New Zealand_Fiji_New Zealand_United Kingdom_Vanuatu_Chile_United States_Solomon Islands_France_Papua New Guinea_Samoa_Kiribati_New Zealand_Nauru_United States_Kiribati_Marshall Islands_France_Kiribati_Tuvalu_Micronesia_United States_Australia_Antarctica"
"Pterodroma leucoptera_France.tif",23,"Norfolk Island_Easter Island_Australia_New Caledonia_New Zealand_Matthew and Hunter Islands_Tonga_NA_Vanuatu_Niue_Cook Islands_Pitcairn_Fiji_French Polynesia_American Samoa_Line Group_Macquarie Island_Samoa_Tokelau_Jarvis Island_Solomon Islands_Phoenix Group_Galapagos","Australia_Chile_Australia_France_New Zealand_France_Tonga_NA_Vanuatu_New Zealand_New Zealand_United Kingdom_Fiji_France_United States_Kiribati_Australia_Samoa_New Zealand_United States_Solomon Islands_Kiribati_Ecuador"
"Pterodroma macroptera_South Africa.tif",4,"South Africa_Prince Edward Islands_NA_Crozet Islands","South Africa_South Africa_NA_France"
"Pterodroma madeira_Portugal.tif",28,"Madeira_Azores_Canary Islands_Portugal_Western Sahara_Cape Verde_Saint Helena_Spain_Guinea-Bissau_Morocco_Senegal_NA_Senegal_Ireland_Gambia_Mauritania_Brazil_Ascension_Guinea_Ivory Coast_Ghana_Liberia_Sierra Leone_France_Togo_Equatorial Guinea_United Kingdom_Canada","Portugal_Portugal_Spain_Portugal_Western Sahara_Cape Verde_United Kingdom_Spain_Guinea-Bissau_Morocco_Senegal_NA_Senegal_Ireland_Gambia_Mauritania_Brazil_United Kingdom_Guinea_Ivory Coast_Ghana_Liberia_Sierra Leone_France_Togo_Equatorial Guinea_United Kingdom_Canada"
"Pterodroma magentae_New Zealand.tif",18,"Norfolk Island_Easter Island_New Zealand_Islas San Félix and San Ambrosio_Australia_NA_New Caledonia_French Polynesia_Tonga_Matthew and Hunter Islands_Chile_Pitcairn_Niue_Fiji_Peru_Cook Islands_Vanuatu_Galapagos","Australia_Chile_New Zealand_Chile_Australia_NA_France_France_Tonga_France_Chile_United Kingdom_New Zealand_Fiji_Peru_New Zealand_Vanuatu_Ecuador"
"Pterodroma mollis_New Zealand.tif",4,"New Zealand_French Polynesia_NA_Cook Islands","New Zealand_France_NA_New Zealand"
"Pterodroma mollis_UK.tif",11,"Tristan da Cunha_Madagascar_Europa Island_South Africa_NA_Mozambique_Réunion_Prince Edward Islands_Crozet Islands_Bouvet_South Georgia and the South Sandwich Islands","United Kingdom_Madagascar_France_South Africa_NA_Mozambique_France_South Africa_France_Norway_United Kingdom"
"Pterodroma neglecta_Australia.tif",5,"Norfolk Island_New Zealand_New Caledonia_NA_Australia","Australia_New Zealand_France_NA_Australia"
"Pterodroma nigripennis_Australia.tif",6,"Norfolk Island_New Zealand_Australia_New Caledonia_NA_Matthew and Hunter Islands","Australia_New Zealand_Australia_France_NA_France"
"Pterodroma nigripennis_New Zealand.tif",18,"Hawaii_Easter Island_NA_Johnston Atoll_New Zealand_Niue_Tonga_Islas San Félix and San Ambrosio_Galapagos_Cook Islands_Clipperton Island_Chile_Alaska_United States_Line Group_Peru_French Polynesia_Jarvis Island","United States_Chile_NA_United States_New Zealand_New Zealand_Tonga_Chile_Ecuador_New Zealand_France_Chile_United States_United States_Kiribati_Peru_France_United States"
"Pterodroma phaeopygia_Ecuador.tif",9,"Costa Rica_Galapagos_Ecuador_Ecuador_Costa Rica_Peru_Colombia_Peru_NA","Costa Rica_Ecuador_Ecuador_Ecuador_Costa Rica_Peru_Colombia_Peru_NA"
"Pterodroma pycrofti_New Zealand.tif",5,"New Zealand_NA_Galapagos_French Polynesia_Line Group","New Zealand_NA_Ecuador_France_Kiribati"
"Pterodroma sandwichensis_USA.tif",5,"Hawaii_NA_Johnston Atoll_Canada_Alaska","United States_NA_United States_Canada_United States"
"Pterodroma solandri_Australia.tif",17,"Japan_Kuril Islands_Australia_New Caledonia_NA_Northern Mariana Islands_Russia_Guam_Micronesia_Vanuatu_Norfolk Island_Matthew and Hunter Islands_Solomon Islands_Marshall Islands_Nauru_Papua New Guinea_New Zealand","Japan_Japan_Australia_France_NA_United States_Russia_United States_Micronesia_Vanuatu_Australia_France_Solomon Islands_Marshall Islands_Nauru_Papua New Guinea_New Zealand"
"Pterodroma ultima_UK.tif",11,"Easter Island_Pitcairn_NA_United States_French Polynesia_Alaska_Hawaii_Islas San Félix and San Ambrosio_Canada_Chile_Galapagos","Chile_United Kingdom_NA_United States_France_United States_United States_Chile_Canada_Chile_Ecuador"
"Puffinus assimilis_Australia.tif",7,"Australia_Norfolk Island_New Caledonia_New Zealand_NA_Macquarie Island_Solomon Islands","Australia_Australia_France_New Zealand_NA_Australia_Solomon Islands"
"Puffinus assimilis_New Zealand.tif",5,"New Zealand_Norfolk Island_NA_Fiji_French Polynesia","New Zealand_Australia_NA_Fiji_France"
"Puffinus bailloni_Seychelles.tif",22,"Seychelles_Ile Tromelin_Glorioso Islands_Comores_Djibouti_Kenya_Madagascar_Mayotte_Tanzania_Doumeira Islands_Kenya_Réunion_Republic of Mauritius_Federal Republic of Somalia_Eritrea_Yemen_Europa Island_Mozambique_Maldives_NA_Oman_India","Seychelles_France_Madagascar_Comores_Djibouti_Kenya_Madagascar_France_Tanzania_Eritrea_Kenya_France_Republic of Mauritius_Federal Republic of Somalia_Eritrea_Yemen_France_Mozambique_Maldives_NA_Oman_India"
"Puffinus gavia_New Zealand.tif",4,"New Zealand_Australia_Norfolk Island_NA","New Zealand_Australia_Australia_NA"
"Puffinus huttoni_New Zealand.tif",2,"New Zealand_NA","New Zealand_NA"
"Puffinus lherminieri_Cape Verde.tif",14,"Cape Verde_Canary Islands_Azores_Western Sahara_Madeira_Brazil_NA_Senegal_Mauritania_Gambia_Senegal_Trindade_Guinea-Bissau_French Guiana","Cape Verde_Spain_Portugal_Western Sahara_Portugal_Brazil_NA_Senegal_Mauritania_Gambia_Senegal_Brazil_Guinea-Bissau_France"
"Puffinus lherminieri_Portugal.tif",25,"Ceuta_Perejil Island_Gibraltar_Madeira_Azores_Canary Islands_Portugal_Morocco_Western Sahara_Spain_France_Guinea-Bissau_NA_Guinea_France_Mauritania_Ireland_Sierra Leone_Senegal_Senegal_Gambia_Cape Verde_United Kingdom_Iceland_Liberia","Spain_Spain_United Kingdom_Portugal_Portugal_Spain_Portugal_Morocco_Western Sahara_Spain_France_Guinea-Bissau_NA_Guinea_France_Mauritania_Ireland_Sierra Leone_Senegal_Senegal_Gambia_Cape Verde_United Kingdom_Iceland_Liberia"
"Puffinus mauretanicus_Spain.tif",11,"Algeria_Spain_Melilla_Ceuta_Perejil Island_Gibraltar_Monaco_Italy_Morocco_France_Portugal","Algeria_Spain_Spain_Spain_Spain_United Kingdom_Monaco_Italy_Morocco_France_Portugal"
"Puffinus newelli_USA.tif",4,"Hawaii_NA_Palmyra Atoll_Line Group","United States_NA_United States_Kiribati"
"Puffinus opisthomelas_Mexico.tif",3,"Mexico_United States_NA","Mexico_United States_NA"
"Puffinus puffinus_Iceland.tif",46,"Uruguay_Uruguay_Argentina_Brazil_Ireland_Anguilla_Iceland_British Virgin Islands_Azores_Faeroe_Antigua and Barbuda_Collectivity of Saint Martin_Faeroe_NA_Guadeloupe_Sint-Maarten_Saint-Barthélemy_Saba_United Kingdom_United Kingdom_Dominica_Martinique_Sint-Eustatius_Puerto Rico_Saint Kitts and Nevis_United States Virgin Islands_Spain_Barbados_Montserrat_Suriname_Guyana_Saint Lucia_Greenland_Trinidad and Tobago_Barbados_French Guiana_Guyana_Saint Vincent and the Grenadines_Falkland / Malvinas Islands_Grenada_Trindade_Bermuda_France_Chile_Venezuela_South Georgia and the South Sandwich Islands","Uruguay_Uruguay_Argentina_Brazil_Ireland_United Kingdom_Iceland_United Kingdom_Portugal_Denmark_Antigua and Barbuda_France_Denmark_NA_France_Netherlands_France_Netherlands_United Kingdom_United Kingdom_Dominica_France_Netherlands_United States_Saint Kitts and Nevis_United States_Spain_Barbados_United Kingdom_Suriname_Guyana_Saint Lucia_Denmark_Trinidad and Tobago_Barbados_France_Guyana_Saint Vincent and the Grenadines_United Kingdom_Grenada_Brazil_United Kingdom_France_Chile_Venezuela_United Kingdom"
"Puffinus puffinus_Ireland.tif",7,"Ireland_United Kingdom_United Kingdom_France_Iceland_Faeroe_NA","Ireland_United Kingdom_United Kingdom_France_Iceland_Denmark_NA"
"Puffinus puffinus_UK.tif",93,"Jersey_Ceuta_Perejil Island_Gibraltar_Melilla_Uruguay_Uruguay_France_France_Guernsey_Algeria_Spain_Argentina_United Kingdom_Ireland_Bermuda_Morocco_Brazil_British Virgin Islands_Anguilla_Puerto Rico_Netherlands_Turks and Caicos Islands_Madeira_Azores_Portugal_Antigua and Barbuda_Dominican Republic_Canary Islands_United Kingdom_Bahamas_Puerto Rico_Collectivity of Saint Martin_Saba_Guadeloupe_NA_Sint-Maarten_Saint-Barthélemy_United States_Tristan da Cunha_United States Virgin Islands_Sint-Eustatius_Dominica_Saint Kitts and Nevis_Martinique_Faeroe_Montserrat_Barbados_Western Sahara_Saint Lucia_Guyana_Guinea-Bissau_Saint Vincent and the Grenadines_Barbados_Trinidad and Tobago_Guyana_Cape Verde_Venezuela_Grenada_Suriname_Haiti_Dominican Republic_French Guiana_Falkland / Malvinas Islands_Guinea_Colombia_Senegal_Faeroe_Venezuela_Germany_Canada_Sierra Leone_Trindade_Norway_Senegal_Gambia_Iceland_Curaçao_Aruba_Bonaire_Denmark_Jan Mayen_Iceland_Mauritania_Jamaica_Greenland_Liberia_Saint-Pierre and Miquelon_Colombia_Chile_Ascension_South Georgia and the South Sandwich Islands_Antarctica","United Kingdom_Spain_Spain_United Kingdom_Spain_Uruguay_Uruguay_France_France_United Kingdom_Algeria_Spain_Argentina_United Kingdom_Ireland_United Kingdom_Morocco_Brazil_United Kingdom_United Kingdom_United States_Netherlands_United Kingdom_Portugal_Portugal_Portugal_Antigua and Barbuda_Dominican Republic_Spain_United Kingdom_Bahamas_United States_France_Netherlands_France_NA_Netherlands_France_United States_United Kingdom_United States_Netherlands_Dominica_Saint Kitts and Nevis_France_Denmark_United Kingdom_Barbados_Western Sahara_Saint Lucia_Guyana_Guinea-Bissau_Saint Vincent and the Grenadines_Barbados_Trinidad and Tobago_Guyana_Cape Verde_Venezuela_Grenada_Suriname_Haiti_Dominican Republic_France_United Kingdom_Guinea_Colombia_Senegal_Denmark_Venezuela_Germany_Canada_Sierra Leone_Brazil_Norway_Senegal_Gambia_Iceland_Netherlands_Netherlands_Netherlands_Denmark_Norway_Iceland_Mauritania_Jamaica_Denmark_Liberia_France_Colombia_Chile_United Kingdom_United Kingdom_Antarctica"
"Puffinus yelkouan_France.tif",53,"Georgia_Turkey_Algeria_Monaco_Spain_Bulgaria_Tunisia_Italy_Romania_Ukraine_Greece_France_Malta_Vatican City_Syria_Israel_Lebanon_Melilla_Cyprus_Palestine_Libya_Croatia_Albania_Montenegro_San Marino_Egypt_Jersey_Netherlands_Sudan_Denmark_Germany_Sudan_Saudi Arabia_Morocco_Russia_Guernsey_United Kingdom_France_Nigeria_Eritrea_Norway_Sweden_Portugal_Faeroe_Faeroe_United Kingdom_Iceland_Ireland_Bouvet_NA_Greenland_South Georgia and the South Sandwich Islands_Antarctica","Georgia_Turkey_Algeria_Monaco_Spain_Bulgaria_Tunisia_Italy_Romania_Ukraine_Greece_France_Malta_Vatican City_Syria_Israel_Lebanon_Spain_Cyprus_Palestine_Libya_Croatia_Albania_Montenegro_San Marino_Egypt_United Kingdom_Netherlands_Sudan_Denmark_Germany_Sudan_Saudi Arabia_Morocco_Russia_United Kingdom_United Kingdom_France_Nigeria_Eritrea_Norway_Sweden_Portugal_Denmark_Denmark_United Kingdom_Iceland_Ireland_Norway_NA_Denmark_United Kingdom_Antarctica"
"Puffinus yelkouan_Malta.tif",22,"Malta_Georgia_Turkey_Tunisia_Libya_Bulgaria_Greece_Italy_Ukraine_Romania_Albania_Montenegro_Croatia_Vatican City_Egypt_Algeria_San Marino_Cyprus_Syria_Russia_France_Spain","Malta_Georgia_Turkey_Tunisia_Libya_Bulgaria_Greece_Italy_Ukraine_Romania_Albania_Montenegro_Croatia_Vatican City_Egypt_Algeria_San Marino_Cyprus_Syria_Russia_France_Spain"
"Thalassoica antarctica_Antarctica.tif",10,"Tristan da Cunha_South Georgia and the South Sandwich Islands_Bouvet_Falkland / Malvinas Islands_Crozet Islands_NA_Argentina_Antarctica_Chile_Prince Edward Islands","United Kingdom_United Kingdom_Norway_United Kingdom_France_NA_Argentina_Antarctica_Chile_South Africa"
